{
  "version": 2,
  "functions": {
    "api/index.js": {
      "maxDuration": 120,
      "memory": 1024
    }
  },
  "rewrites": [
    {
      "source": "/api/(.*)",
      "destination": "/api/index.js"
    },
    {
      "source": "/",
      "destination": "/api/index.js"
    }
  ],
  "headers": [
    {
      "source": "/(.*)",
      "headers": [
        {
          "key": "Access-Control-Allow-Origin",
          "value": "*"
        },
        {
          "key": "Access-Control-Allow-Methods",
          "value": "GET, POST, PUT, DELETE, OPTIONS, PATCH"
        },
        {
          "key": "Access-Control-Allow-Headers",
          "value": "Content-Type, Authorization, X-Requested-With, Accept"
        },
        {
          "key": "Access-Control-Max-Age",
          "value": "86400"
        }
      ]
    }
  ]
}
